final duel	Arte Refact	/mnt/d/yu28s/Music/music_centor/Compilations/金色ラブリッチェ GOLD BEST [Disc3]/07 final duel.m4a	157
final duel -Le dernier fléche-	Arte Refact	/mnt/d/yu28s/Music/music_centor/Compilations/金色ラブリッチェ GOLD BEST [Disc3]/08 final duel -Le dernier fléche-.m4a	177
lose my memory	Arte Refact	/mnt/d/yu28s/Music/music_centor/Compilations/金色ラブリッチェ GOLD BEST [Disc2]/11 lose my memory.m4a	175
passion subliminal	Arte Refact	/mnt/d/yu28s/Music/music_centor/Compilations/金色ラブリッチェ GOLD BEST [Disc2]/10 passion subliminal.m4a	151
凸凹フレンズ	Arte Refact	/mnt/d/yu28s/Music/music_centor/Compilations/金色ラブリッチェ GOLD BEST [Disc2]/05 凸凹フレンズ.m4a	149
暗澹	Arte Refact	/mnt/d/yu28s/Music/music_centor/Compilations/金色ラブリッチェ GOLD BEST [Disc2]/13 暗澹.m4a	161
落ち葉の散歩道	Arte Refact	/mnt/d/yu28s/Music/music_centor/Compilations/金色ラブリッチェ GOLD BEST [Disc2]/06 落ち葉の散歩道.m4a	163
MhliA～MarchinG ArrangE～	EBI	/mnt/d/yu28s/Music/music_centor/Compilations/Re_LieF ～DeaR YoU～ OriginaL SounD TracK/2-24 MhliA～MarchinG ArrangE～.mp3	150
Annihilation World's	Favorite	/mnt/d/yu28s/Music/music_centor/Favorite/さくら、もゆ。 Music Collection -Disc.3/3-13 Annihilation World's.m4a	210
DING! DONG!	Favorite	/mnt/d/yu28s/Music/music_centor/Favorite/さくら、もゆ。 Music Collection -Disc.2/2-13 DING! DONG!.m4a	141
Friendship	Favorite	/mnt/d/yu28s/Music/music_centor/Favorite/さくら、もゆ。 Music Collection -Disc.2/2-05 Friendship.m4a	223
Never land -よるのくに-	Favorite	/mnt/d/yu28s/Music/music_centor/Favorite/さくら、もゆ。 Music Collection -Disc.4/4-05 Never land -よるのくに-.m4a	192
periculum.	Favorite	/mnt/d/yu28s/Music/music_centor/Favorite/さくら、もゆ。 Music Collection -Disc.3/3-05 periculum..m4a	161
Reincarnation I	Favorite	/mnt/d/yu28s/Music/music_centor/Favorite/さくら、もゆ。 Music Collection -Disc.4/4-01 Reincarnation I.m4a	131
Reincarnation II	Favorite	/mnt/d/yu28s/Music/music_centor/Favorite/さくら、もゆ。 Music Collection -Disc.4/4-02 Reincarnation II.m4a	154
Reincarnation III	Favorite	/mnt/d/yu28s/Music/music_centor/Favorite/さくら、もゆ。 Music Collection -Disc.4/4-03 Reincarnation III.m4a	211
Shrine maiden	Favorite	/mnt/d/yu28s/Music/music_centor/Favorite/さくら、もゆ。 Music Collection -Disc.2/2-23 Shrine maiden.m4a	220
あかねいろの情景	Favorite	/mnt/d/yu28s/Music/music_centor/Favorite/さくら、もゆ。 Music Collection -Disc.2/2-07 あかねいろの情景.m4a	164
くすりゆびのぬくもり	Favorite	/mnt/d/yu28s/Music/music_centor/Favorite/さくら、もゆ。 Music Collection -Disc.2/2-18 くすりゆびのぬくもり.m4a	152
この美しい世界	Favorite	/mnt/d/yu28s/Music/music_centor/Favorite/さくら、もゆ。 Music Collection -Disc.4/4-10 この美しい世界.m4a	123
さぁ、咲き誇れ!	Favorite	/mnt/d/yu28s/Music/music_centor/Favorite/さくら、もゆ。 Music Collection -Disc.3/3-14 さぁ、咲き誇れ!.m4a	203
さくら、Reincarnation -Arrange-	Favorite	/mnt/d/yu28s/Music/music_centor/Favorite/さくら、もゆ。 Music Collection -Disc.4/4-14 さくら、Reincarnation -Arrange-.m4a	666
さくら、もゆ。 -title arrange-	Favorite	/mnt/d/yu28s/Music/music_centor/Favorite/さくら、もゆ。 Music Collection -Disc.2/2-01 さくら、もゆ。 -title arrange-.m4a	175
さくらいろのせかい	Favorite	/mnt/d/yu28s/Music/music_centor/Favorite/さくら、もゆ。 Music Collection -Disc.2/2-10 さくらいろのせかい.m4a	203
さよならを言う前に	Favorite	/mnt/d/yu28s/Music/music_centor/Favorite/さくら、もゆ。 Music Collection -Disc.4/4-09 さよならを言う前に.m4a	181
なちゅらるガール	Favorite	/mnt/d/yu28s/Music/music_centor/Favorite/さくら、もゆ。 Music Collection -Disc.2/2-12 なちゅらるガール.m4a	165
はるのあしあと	Favorite	/mnt/d/yu28s/Music/music_centor/Favorite/さくら、もゆ。 Music Collection -Disc.2/2-21 はるのあしあと.m4a	223
はるのあしあと -Arrange-	Favorite	/mnt/d/yu28s/Music/music_centor/Favorite/さくら、もゆ。 Music Collection -Disc.3/3-20 はるのあしあと -Arrange-.m4a	386
ほしめぐるまほう	Favorite	/mnt/d/yu28s/Music/music_centor/Favorite/さくら、もゆ。 Music Collection -Disc.4/4-12 ほしめぐるまほう.m4a	205
わたしの想い	Favorite	/mnt/d/yu28s/Music/music_centor/Favorite/さくら、もゆ。 Music Collection -Disc.3/3-17 わたしの想い.m4a	165
シュレーティンガーの夢	Favorite	/mnt/d/yu28s/Music/music_centor/Favorite/さくら、もゆ。 Music Collection -Disc.3/3-07 シュレーティンガーの夢.m4a	205
プリティーリズム	Favorite	/mnt/d/yu28s/Music/music_centor/Favorite/さくら、もゆ。 Music Collection -Disc.2/2-11 プリティーリズム.m4a	139
ホーリーナイト	Favorite	/mnt/d/yu28s/Music/music_centor/Favorite/さくら、もゆ。 Music Collection -Disc.4/4-13 ホーリーナイト.m4a	187
モーメンテリィー・ハザード	Favorite	/mnt/d/yu28s/Music/music_centor/Favorite/さくら、もゆ。 Music Collection -Disc.3/3-12 モーメンテリィー・ハザード.m4a	259
リトルガール	Favorite	/mnt/d/yu28s/Music/music_centor/Favorite/さくら、もゆ。 Music Collection -Disc.2/2-22 リトルガール.m4a	152
三日月の小夜曲 -クレセントムーンセレナーデ-	Favorite	/mnt/d/yu28s/Music/music_centor/Favorite/さくら、もゆ。 Music Collection -Disc.2/2-17 三日月の小夜曲 -クレセントムーンセレナーデ-.m4a	92
不思議パンタシア	Favorite	/mnt/d/yu28s/Music/music_centor/Favorite/さくら、もゆ。 Music Collection -Disc.2/2-15 不思議パンタシア.m4a	161
世界でいちばん優しい時間	Favorite	/mnt/d/yu28s/Music/music_centor/Favorite/さくら、もゆ。 Music Collection -Disc.3/3-01 世界でいちばん優しい時間.m4a	90
久遠アリア	Favorite	/mnt/d/yu28s/Music/music_centor/Favorite/さくら、もゆ。 Music Collection -Disc.4/4-04 久遠アリア.m4a	184
光ある場所へ	Favorite	/mnt/d/yu28s/Music/music_centor/Favorite/さくら、もゆ。 Music Collection -Disc.4/4-11 光ある場所へ.m4a	184
咲き誇る日々	Favorite	/mnt/d/yu28s/Music/music_centor/Favorite/さくら、もゆ。 Music Collection -Disc.2/2-04 咲き誇る日々.m4a	174
地上の、ひとひら	Favorite	/mnt/d/yu28s/Music/music_centor/Favorite/さくら、もゆ。 Music Collection -Disc.4/4-08 地上の、ひとひら.m4a	135
夜会(カコ)の記憶	Favorite	/mnt/d/yu28s/Music/music_centor/Favorite/さくら、もゆ。 Music Collection -Disc.3/3-15 夜会(カコ)の記憶.m4a	177
失われた刻をもとめて	Favorite	/mnt/d/yu28s/Music/music_centor/Favorite/さくら、もゆ。 Music Collection -Disc.3/3-08 失われた刻をもとめて.m4a	226
少女たちの夜会I	Favorite	/mnt/d/yu28s/Music/music_centor/Favorite/さくら、もゆ。 Music Collection -Disc.4/4-06 少女たちの夜会I.m4a	150
少女たちの夜会II	Favorite	/mnt/d/yu28s/Music/music_centor/Favorite/さくら、もゆ。 Music Collection -Disc.4/4-07 少女たちの夜会II.m4a	138
少女の夜会II ver2	Favorite	/mnt/d/yu28s/Music/music_centor/Favorite/さくら、もゆ。 Music Collection -Disc.3/3-19 少女の夜会II ver2.m4a	135
忍び寄る運命	Favorite	/mnt/d/yu28s/Music/music_centor/Favorite/さくら、もゆ。 Music Collection -Disc.3/3-04 忍び寄る運命.m4a	185
忘れたいはずのなにか	Favorite	/mnt/d/yu28s/Music/music_centor/Favorite/さくら、もゆ。 Music Collection -Disc.3/3-02 忘れたいはずのなにか.m4a	97
愁い	Favorite	/mnt/d/yu28s/Music/music_centor/Favorite/さくら、もゆ。 Music Collection -Disc.3/3-03 愁い.m4a	242
抑えきれない想い	Favorite	/mnt/d/yu28s/Music/music_centor/Favorite/さくら、もゆ。 Music Collection -Disc.2/2-16 抑えきれない想い.m4a	168
春と修羅	Favorite	/mnt/d/yu28s/Music/music_centor/Favorite/さくら、もゆ。 Music Collection -Disc.3/3-11 春と修羅.m4a	209
春はみじかし恋せよ乙女	Favorite	/mnt/d/yu28s/Music/music_centor/Favorite/さくら、もゆ。 Music Collection -Disc.2/2-14 春はみじかし恋せよ乙女.m4a	105
時計台の下で	Favorite	/mnt/d/yu28s/Music/music_centor/Favorite/さくら、もゆ。 Music Collection -Disc.2/2-06 時計台の下で.m4a	264
朧月夜 -spring night with a hazy moon-	Favorite	/mnt/d/yu28s/Music/music_centor/Favorite/さくら、もゆ。 Music Collection -Disc.3/3-16 朧月夜 -spring night with a hazy m.m4a	221
桜並木の満開の下に	Favorite	/mnt/d/yu28s/Music/music_centor/Favorite/さくら、もゆ。 Music Collection -Disc.2/2-03 桜並木の満開の下に.m4a	95
桜月夜	Favorite	/mnt/d/yu28s/Music/music_centor/Favorite/さくら、もゆ。 Music Collection -Disc.2/2-08 桜月夜.m4a	181
桜流	Favorite	/mnt/d/yu28s/Music/music_centor/Favorite/さくら、もゆ。 Music Collection -Disc.3/3-18 桜流.m4a	223
桜雨	Favorite	/mnt/d/yu28s/Music/music_centor/Favorite/さくら、もゆ。 Music Collection -Disc.3/3-06 桜雨.m4a	146
満月の夜会	Favorite	/mnt/d/yu28s/Music/music_centor/Favorite/さくら、もゆ。 Music Collection -Disc.2/2-24 満月の夜会.m4a	118
満月の夜会 -Arrange-	Favorite	/mnt/d/yu28s/Music/music_centor/Favorite/さくら、もゆ。 Music Collection -Disc.4/4-19 満月の夜会 -Arrange-.m4a	196
神様からの手紙	Favorite	/mnt/d/yu28s/Music/music_centor/Favorite/さくら、もゆ。 Music Collection -Disc.2/2-20 神様からの手紙.m4a	195
終わらない物語 -Arrange-	Favorite	/mnt/d/yu28s/Music/music_centor/Favorite/さくら、もゆ。 Music Collection -Disc.4/4-17 終わらない物語 -Arrange-.m4a	352
終わりなきナガレの果てに	Favorite	/mnt/d/yu28s/Music/music_centor/Favorite/さくら、もゆ。 Music Collection -Disc.3/3-10 終わりなきナガレの果てに.m4a	259
聖夜をめぐるまほう	Favorite	/mnt/d/yu28s/Music/music_centor/Favorite/さくら、もゆ。 Music Collection -Disc.2/2-19 聖夜をめぐるまほう.m4a	203
花あかりの時 -Arrange-	Favorite	/mnt/d/yu28s/Music/music_centor/Favorite/さくら、もゆ。 Music Collection -Disc.4/4-18 花あかりの時 -Arrange-.m4a	338
輪廻 -Arrange-	Favorite	/mnt/d/yu28s/Music/music_centor/Favorite/さくら、もゆ。 Music Collection -Disc.4/4-15 輪廻 -Arrange-.m4a	401
遥か彼方/Re:frain	Favorite	/mnt/d/yu28s/Music/music_centor/Favorite/さくら、もゆ。 Music Collection -Disc.3/3-09 遥か彼方_Re_frain.m4a	263
麗らかな生活	Favorite	/mnt/d/yu28s/Music/music_centor/Favorite/さくら、もゆ。 Music Collection -Disc.2/2-09 麗らかな生活.m4a	204
Bar 桜ヶ淵	HARUKAZE	/mnt/d/yu28s/Music/music_centor/Compilations/ノラと皇女と野良猫ハート2 オリジナルサウンドトラック/05 Bar 桜ヶ淵.mp3	222
clear of snow	HARUKAZE	/mnt/d/yu28s/Music/music_centor/Compilations/ノラと皇女と野良猫ハート2 オリジナルサウンドトラック/02 clear of snow.mp3	122
悲しみに暮れて	HARUKAZE	/mnt/d/yu28s/Music/music_centor/Compilations/ノラと皇女と野良猫ハート2 オリジナルサウンドトラック/07 悲しみに暮れて.mp3	124
水玉模様	HARUKAZE	/mnt/d/yu28s/Music/music_centor/Compilations/ノラと皇女と野良猫ハート2 オリジナルサウンドトラック/03 水玉模様.mp3	103
氷の玉座	HARUKAZE	/mnt/d/yu28s/Music/music_centor/Compilations/ノラと皇女と野良猫ハート2 オリジナルサウンドトラック/01 氷の玉座.mp3	171
知らない大国 -Elementary-	HARUKAZE	/mnt/d/yu28s/Music/music_centor/Compilations/ノラと皇女と野良猫ハート2 オリジナルサウンドトラック/10 知らない大国 -Elementary-.mp3	123
竜との遭遇	HARUKAZE	/mnt/d/yu28s/Music/music_centor/Compilations/ノラと皇女と野良猫ハート2 オリジナルサウンドトラック/08 竜との遭遇.mp3	155
茜色の海	HARUKAZE	/mnt/d/yu28s/Music/music_centor/Compilations/ノラと皇女と野良猫ハート2 オリジナルサウンドトラック/06 茜色の海.mp3	173
赤い髪の少女	HARUKAZE	/mnt/d/yu28s/Music/music_centor/Compilations/ノラと皇女と野良猫ハート2 オリジナルサウンドトラック/09 赤い髪の少女.mp3	78
黒猫タイム2	HARUKAZE	/mnt/d/yu28s/Music/music_centor/Compilations/ノラと皇女と野良猫ハート2 オリジナルサウンドトラック/04 黒猫タイム2.mp3	116
Re:TrymenT～DoramatiC ArrangE～	Kyocmp	/mnt/d/yu28s/Music/music_centor/Compilations/Re_LieF ～DeaR YoU～ OriginaL SounD TracK/2-21 Re_TrymenT～DoramatiC ArrangE～.mp3	165
FUN FUN RE-BOOT	QUARTET☆RE-BOOT!	/mnt/d/yu28s/Music/Various Artists/天使☆騒々 RE-BOOT! オリジナルサウンドトラック/4-01 FUN FUN RE-BOOT.m4a	222
月	しろめ	/mnt/d/yu28s/Music/music_centor/Compilations/ノラと皇女と野良猫ハート Original Sound Track _Open/3-05 月.mp3	178
DeaR	せいんと☆ぴーち	/mnt/d/yu28s/Music/music_centor/Compilations/Re_LieF ～DeaR YoU～ OriginaL SounD TracK/1-13 DeaR.mp3	96
DeaR -AltrA VoltA-	せいんと☆ぴーち	/mnt/d/yu28s/Music/music_centor/Compilations/Re_LieF ～DeaR YoU～ OriginaL SounD TracK/1-14 DeaR -AltrA VoltA-.mp3	201
TrauM -YoU-	せいんと☆ぴーち	/mnt/d/yu28s/Music/music_centor/Compilations/Re_LieF ～DeaR YoU～ OriginaL SounD TracK/2-09 TrauM -YoU-.mp3	112
YoU	せいんと☆ぴーち	/mnt/d/yu28s/Music/music_centor/Compilations/Re_LieF ～DeaR YoU～ OriginaL SounD TracK/1-15 YoU.mp3	92
ThemE of ReLieF 第4楽章	せいんと☆ぴーち 金閉開羅巧夢	/mnt/d/yu28s/Music/music_centor/Compilations/Re_LieF ～DeaR YoU～ OriginaL SounD TracK/1-08 ThemE of ReLieF 第4楽章.mp3	154
ThemE of ReLieF 第4楽章 -AltrA VoltA-	せいんと☆ぴーち 金閉開羅巧夢	/mnt/d/yu28s/Music/music_centor/Compilations/Re_LieF ～DeaR YoU～ OriginaL SounD TracK/1-09 ThemE of ReLieF 第4楽章 -AltrA Vol.mp3	160
ThemE of ReLieF 第5楽章	せいんと☆ぴーち 金閉開羅巧夢	/mnt/d/yu28s/Music/music_centor/Compilations/Re_LieF ～DeaR YoU～ OriginaL SounD TracK/1-11 ThemE of ReLieF 第5楽章.mp3	238
クライングハート Short.ver	アイリス・ディセンバー・アンクライ (花園めい)&ノエル・ザ・ネクストシーズン (雨場つかさ)	/mnt/d/yu28s/Music/music_centor/Compilations/ノラと皇女と野良猫ハート2 オリジナルサウンドトラック/11 クライングハート Short.ver.mp3	109
クロス・ダイアログ (feat. 綺良 雪)	スミレ	/mnt/d/yu28s/Music/スミレ/日向千尋は仕事が続かない -Original Sound Track-/02 クロス・ダイアログ (feat. 綺良 雪).m4a	216
DreaM AgaiN ～ThemE Of ReLieF～	ハム	/mnt/d/yu28s/Music/music_centor/Compilations/Re_LieF ～DeaR YoU～ OriginaL SounD TracK/2-26 DreaM AgaiN ～ThemE Of ReLieF～.mp3	175
ThemE of ReLieF～和ジャズ風味～	バストラ, 山染世界	/mnt/d/yu28s/Music/music_centor/Compilations/Re_LieF ～DeaR YoU～ OriginaL SounD TracK/2-23 ThemE of ReLieF～和ジャズ風味～.mp3	218
AI	ポピー	/mnt/d/yu28s/Music/music_centor/Compilations/Re_LieF ～DeaR YoU～ OriginaL SounD TracK/1-19 AI.mp3	142
AI -ArrangE-	ポピー	/mnt/d/yu28s/Music/music_centor/Compilations/Re_LieF ～DeaR YoU～ OriginaL SounD TracK/1-20 AI -ArrangE-.mp3	140
EinmaL	ポピー	/mnt/d/yu28s/Music/music_centor/Compilations/Re_LieF ～DeaR YoU～ OriginaL SounD TracK/2-12 EinmaL.mp3	98
DaisY BelL -AlphA-	ユウ(涼貴涼)	/mnt/d/yu28s/Music/music_centor/Compilations/Re_LieF ～DeaR YoU～ OriginaL SounD TracK/2-19 DaisY BelL -AlphA-.mp3	67
EmotioN -AneW-	中村かしこ	/mnt/d/yu28s/Music/music_centor/Compilations/Re_LieF ～DeaR YoU～ OriginaL SounD TracK/2-15 EmotioN -AneW-.mp3	140
EmotioN -ChastitY-	中村かしこ	/mnt/d/yu28s/Music/music_centor/Compilations/Re_LieF ～DeaR YoU～ OriginaL SounD TracK/2-13 EmotioN -ChastitY-.mp3	134
EmotioN -ForeveR-	中村かしこ	/mnt/d/yu28s/Music/music_centor/Compilations/Re_LieF ～DeaR YoU～ OriginaL SounD TracK/2-14 EmotioN -ForeveR-.mp3	158
"Theme of ""chokotan"""	冨田敦	/mnt/d/yu28s/Music/music_centor/Compilations/すきま桜とうその都会 オリジナルサウンドトラック 『sakurano』/20 _Theme of __chokotan___.m4a	110
BiographicalGroove!!!!!!!!	冨田敦	/mnt/d/yu28s/Music/music_centor/Compilations/すきま桜とうその都会 オリジナルサウンドトラック 『sakurano』/17 BiographicalGroove!!!!!!!!.m4a	167
Dark gradation	冨田敦	/mnt/d/yu28s/Music/music_centor/Compilations/すきま桜とうその都会 オリジナルサウンドトラック 『sakurano』/19 Dark gradation.m4a	118
Recollection	冨田敦	/mnt/d/yu28s/Music/music_centor/Compilations/すきま桜とうその都会 オリジナルサウンドトラック 『sakurano』/10 Recollection.m4a	131
Reverberations	冨田敦	/mnt/d/yu28s/Music/music_centor/Compilations/すきま桜とうその都会 オリジナルサウンドトラック 『sakurano』/24 Reverberations.m4a	180
You can't judge a book by its cover	冨田敦	/mnt/d/yu28s/Music/music_centor/Compilations/すきま桜とうその都会 オリジナルサウンドトラック 『sakurano』/08 You can't judge a book by its cov.m4a	129
すぷりんぐはずかむっ!	冨田敦	/mnt/d/yu28s/Music/music_centor/Compilations/すきま桜とうその都会 オリジナルサウンドトラック 『sakurano』/03 すぷりんぐはずかむっ!.m4a	216
そのうそ、ほんと	冨田敦	/mnt/d/yu28s/Music/music_centor/Compilations/すきま桜とうその都会 オリジナルサウンドトラック 『sakurano』/09 そのうそ、ほんと.m4a	117
それは、和やかで楽しい時間	冨田敦	/mnt/d/yu28s/Music/music_centor/Compilations/すきま桜とうその都会 オリジナルサウンドトラック 『sakurano』/07 それは、和やかで楽しい時間.m4a	84
アコースティック・ロマンス	冨田敦	/mnt/d/yu28s/Music/music_centor/Compilations/すきま桜とうその都会 オリジナルサウンドトラック 『sakurano』/04 アコースティック・ロマンス.m4a	141
世界の果て、桜の姫君	冨田敦	/mnt/d/yu28s/Music/music_centor/Compilations/すきま桜とうその都会 オリジナルサウンドトラック 『sakurano』/23 世界の果て、桜の姫君.m4a	140
勇猛たる鋼の守護者	冨田敦	/mnt/d/yu28s/Music/music_centor/Compilations/すきま桜とうその都会 オリジナルサウンドトラック 『sakurano』/22 勇猛たる鋼の守護者.m4a	178
君色セレナーデ	冨田敦	/mnt/d/yu28s/Music/music_centor/Compilations/すきま桜とうその都会 オリジナルサウンドトラック 『sakurano』/18 君色セレナーデ.m4a	115
夜語り	冨田敦	/mnt/d/yu28s/Music/music_centor/Compilations/すきま桜とうその都会 オリジナルサウンドトラック 『sakurano』/12 夜語り.m4a	141
心繋ぎ	冨田敦	/mnt/d/yu28s/Music/music_centor/Compilations/すきま桜とうその都会 オリジナルサウンドトラック 『sakurano』/16 心繋ぎ.m4a	191
忘れてしまった音たち	冨田敦	/mnt/d/yu28s/Music/music_centor/Compilations/すきま桜とうその都会 オリジナルサウンドトラック 『sakurano』/14 忘れてしまった音たち.m4a	128
新しき日々	冨田敦	/mnt/d/yu28s/Music/music_centor/Compilations/すきま桜とうその都会 オリジナルサウンドトラック 『sakurano』/21 新しき日々.m4a	203
早く起きた朝は……	冨田敦	/mnt/d/yu28s/Music/music_centor/Compilations/すきま桜とうその都会 オリジナルサウンドトラック 『sakurano』/15 早く起きた朝は…….m4a	135
枕	冨田敦	/mnt/d/yu28s/Music/music_centor/Compilations/すきま桜とうその都会 オリジナルサウンドトラック 『sakurano』/05 枕.m4a	176
桜が頬を染めた都会	冨田敦	/mnt/d/yu28s/Music/music_centor/Compilations/すきま桜とうその都会 オリジナルサウンドトラック 『sakurano』/06 桜が頬を染めた都会.m4a	144
桜乃 -City of fairy tale-	冨田敦	/mnt/d/yu28s/Music/music_centor/Compilations/すきま桜とうその都会 オリジナルサウンドトラック 『sakurano』/01 桜乃 -City of fairy tale-.m4a	166
約束 -Fortune message-	冨田敦	/mnt/d/yu28s/Music/music_centor/Compilations/すきま桜とうその都会 オリジナルサウンドトラック 『sakurano』/13 約束 -Fortune message-.m4a	194
軽快な通学路	冨田敦	/mnt/d/yu28s/Music/music_centor/Compilations/すきま桜とうその都会 オリジナルサウンドトラック 『sakurano』/02 軽快な通学路.m4a	160
遠景	冨田敦	/mnt/d/yu28s/Music/music_centor/Compilations/すきま桜とうその都会 オリジナルサウンドトラック 『sakurano』/11 遠景.m4a	142
FrienD	太田光宏	/mnt/d/yu28s/Music/music_centor/Compilations/Re_LieF ～DeaR YoU～ OriginaL SounD TracK/2-03 FrienD.mp3	130
PrivatE	太田光宏	/mnt/d/yu28s/Music/music_centor/Compilations/Re_LieF ～DeaR YoU～ OriginaL SounD TracK/2-04 PrivatE.mp3	154
morning dew	松本慎一郎	/mnt/d/yu28s/Music/music_centor/Compilations/金色ラブリッチェ GOLD BEST [Disc2]/03 morning dew.m4a	178
Pastel Color	松本慎一郎	/mnt/d/yu28s/Music/music_centor/Compilations/金色ラブリッチェ GOLD BEST [Disc3]/06 Pastel Color.m4a	160
ノーブルたれ	松本慎一郎	/mnt/d/yu28s/Music/music_centor/Compilations/金色ラブリッチェ GOLD BEST [Disc3]/04 ノーブルたれ.m4a	192
ノーブルたれ -EB mix Version-	松本慎一郎	/mnt/d/yu28s/Music/music_centor/Compilations/金色ラブリッチェ GOLD BEST [Disc3]/05 ノーブルたれ -EB mix Version-.m4a	162
上善如水	松本慎一郎	/mnt/d/yu28s/Music/music_centor/Compilations/金色ラブリッチェ GOLD BEST [Disc2]/07 上善如水.m4a	211
夕影	松本慎一郎	/mnt/d/yu28s/Music/music_centor/Compilations/金色ラブリッチェ GOLD BEST [Disc2]/08 夕影.m4a	167
夢のまにまに	松本慎一郎	/mnt/d/yu28s/Music/music_centor/Compilations/金色ラブリッチェ GOLD BEST [Disc3]/09 夢のまにまに.m4a	188
愛のカタチ	松本慎一郎	/mnt/d/yu28s/Music/music_centor/Compilations/金色ラブリッチェ GOLD BEST [Disc3]/03 愛のカタチ.m4a	168
光放て！	柳麻美	/mnt/d/yu28s/Music/music_centor/松本文紀 & 柳麻美 & アトリ(CV_赤尾ひかる)/ATRI -My Dear Moments- (Original Soundtrack)/21-光放て！.mp4	232
Ordinary Day	樋口秀樹	/mnt/d/yu28s/Music/music_centor/Compilations/金色ラブリッチェ GOLD BEST [Disc2]/04 Ordinary Day.m4a	112
Orohora	樋口秀樹	/mnt/d/yu28s/Music/music_centor/Compilations/金色ラブリッチェ GOLD BEST [Disc2]/16 Orohora.m4a	139
Silence Passion	樋口秀樹	/mnt/d/yu28s/Music/music_centor/Compilations/金色ラブリッチェ GOLD BEST [Disc2]/14 Silence Passion.m4a	170
まわるライオン	樋口秀樹	/mnt/d/yu28s/Music/music_centor/Compilations/カルマルカサークル コンプリートオリジナルサウンドトラック/1-14 まわるライオン.mp3	125
ティータイムパーティー	樋口秀樹	/mnt/d/yu28s/Music/music_centor/Compilations/カルマルカサークル コンプリートオリジナルサウンドトラック/1-04 ティータイムパーティー.mp3	151
君と二人で	樋口秀樹	/mnt/d/yu28s/Music/music_centor/Compilations/金色ラブリッチェ GOLD BEST [Disc2]/09 君と二人で.m4a	193
地平線のその先に	樋口秀樹	/mnt/d/yu28s/Music/music_centor/Compilations/カルマルカサークル コンプリートオリジナルサウンドトラック/1-05 地平線のその先に.mp3	223
夏空 -メインテーマ-	樋口秀樹	/mnt/d/yu28s/Music/music_centor/Compilations/カルマルカサークル コンプリートオリジナルサウンドトラック/1-02 夏空 -メインテーマ-.mp3	161
彩り艶やかに	樋口秀樹	/mnt/d/yu28s/Music/music_centor/Compilations/カルマルカサークル コンプリートオリジナルサウンドトラック/1-07 彩り艶やかに.mp3	140
星づく夜	樋口秀樹	/mnt/d/yu28s/Music/music_centor/Compilations/カルマルカサークル コンプリートオリジナルサウンドトラック/1-11 星づく夜.mp3	140
舞踏絢爛	樋口秀樹	/mnt/d/yu28s/Music/music_centor/Compilations/金色ラブリッチェ GOLD BEST [Disc3]/10 舞踏絢爛.m4a	90
舞踏絢爛 -Reminisce Version-	樋口秀樹	/mnt/d/yu28s/Music/music_centor/Compilations/金色ラブリッチェ GOLD BEST [Disc3]/11 舞踏絢爛 -Reminisce Version-.m4a	236
街をはなれて	樋口秀樹	/mnt/d/yu28s/Music/music_centor/Compilations/カルマルカサークル コンプリートオリジナルサウンドトラック/1-03 街をはなれて.mp3	189
風の道	樋口秀樹	/mnt/d/yu28s/Music/music_centor/Compilations/カルマルカサークル コンプリートオリジナルサウンドトラック/1-06 風の道.mp3	141
astral ability	橋本みゆき & 佐咲紗花	/mnt/d/yu28s/Music/music_centor/Compilations/RIDDLE JOKER オリジナルサウンドトラック/50 astral ability.m4a	226
anxious night	水月陵	/mnt/d/yu28s/Music/music_centor/Compilations/カルマルカサークル コンプリートオリジナルサウンドトラック2/2-04 anxious night.mp3	162
break into a run	水月陵	/mnt/d/yu28s/Music/music_centor/Compilations/カルマルカサークル コンプリートオリジナルサウンドトラック/1-16 break into a run.mp3	149
dear friend	水月陵	/mnt/d/yu28s/Music/music_centor/Compilations/カルマルカサークル コンプリートオリジナルサウンドトラック/1-08 dear friend.mp3	180
fortune	水月陵	/mnt/d/yu28s/Music/music_centor/Compilations/金色ラブリッチェ GOLD BEST [Disc2]/15 fortune.m4a	245
go as quickly	水月陵	/mnt/d/yu28s/Music/music_centor/Compilations/カルマルカサークル コンプリートオリジナルサウンドトラック/1-17 go as quickly.mp3	134
in the far future	水月陵	/mnt/d/yu28s/Music/music_centor/Compilations/カルマルカサークル コンプリートオリジナルサウンドトラック2/2-09 in the far future.mp3	177
sleeping genius	水月陵	/mnt/d/yu28s/Music/music_centor/Compilations/カルマルカサークル コンプリートオリジナルサウンドトラック/1-10 sleeping genius.mp3	154
sorrow rain	水月陵	/mnt/d/yu28s/Music/music_centor/Compilations/カルマルカサークル コンプリートオリジナルサウンドトラック2/2-06 sorrow rain.mp3	212
sylvia's theme	水月陵	/mnt/d/yu28s/Music/music_centor/Compilations/金色ラブリッチェ GOLD BEST [Disc3]/12 sylvia's theme.m4a	211
sylvia's theme -Orchessta arrange Ver.-	水月陵	/mnt/d/yu28s/Music/music_centor/Compilations/金色ラブリッチェ GOLD BEST [Disc3]/13 sylvia's theme -Orchessta arrange.m4a	312
のろのろ坂を登って	水月陵	/mnt/d/yu28s/Music/music_centor/Compilations/カルマルカサークル コンプリートオリジナルサウンドトラック/1-13 のろのろ坂を登って.mp3	194
ひかりの中で	水月陵	/mnt/d/yu28s/Music/music_centor/Compilations/カルマルカサークル コンプリートオリジナルサウンドトラック2/2-11 ひかりの中で.mp3	177
ひとり	水月陵	/mnt/d/yu28s/Music/music_centor/Compilations/カルマルカサークル コンプリートオリジナルサウンドトラック2/2-07 ひとり.mp3	155
カルマルカ	水月陵	/mnt/d/yu28s/Music/music_centor/Compilations/カルマルカサークル コンプリートオリジナルサウンドトラック2/2-02 カルマルカ.mp3	185
キミの記憶	水月陵	/mnt/d/yu28s/Music/music_centor/Compilations/カルマルカサークル コンプリートオリジナルサウンドトラック/1-21 キミの記憶.mp3	210
予感	水月陵	/mnt/d/yu28s/Music/music_centor/Compilations/カルマルカサークル コンプリートオリジナルサウンドトラック2/2-08 予感.mp3	185
二人はいっしょ!	水月陵	/mnt/d/yu28s/Music/music_centor/Compilations/カルマルカサークル コンプリートオリジナルサウンドトラック/1-09 二人はいっしょ!.mp3	219
君想う水辺のアリア	水月陵	/mnt/d/yu28s/Music/music_centor/Compilations/金色ラブリッチェ GOLD BEST [Disc2]/02 君想う水辺のアリア.m4a	185
太古の祈り	水月陵	/mnt/d/yu28s/Music/music_centor/Compilations/カルマルカサークル コンプリートオリジナルサウンドトラック2/2-05 太古の祈り.mp3	221
愛しさの在りか	水月陵	/mnt/d/yu28s/Music/music_centor/Compilations/カルマルカサークル コンプリートオリジナルサウンドトラック/1-22 愛しさの在りか.mp3	185
昼下がりの憂鬱	水月陵	/mnt/d/yu28s/Music/music_centor/Compilations/カルマルカサークル コンプリートオリジナルサウンドトラック/1-15 昼下がりの憂鬱.mp3	156
海渡る風	水月陵	/mnt/d/yu28s/Music/music_centor/Compilations/カルマルカサークル コンプリートオリジナルサウンドトラック/1-18 海渡る風.mp3	159
見上げた空の白い雲	水月陵	/mnt/d/yu28s/Music/music_centor/Compilations/カルマルカサークル コンプリートオリジナルサウンドトラック/1-12 見上げた空の白い雲.mp3	224
過ぎ去りし日々に	水月陵	/mnt/d/yu28s/Music/music_centor/Compilations/カルマルカサークル コンプリートオリジナルサウンドトラック/1-23 過ぎ去りし日々に.mp3	178
闇の安らぎ	水月陵	/mnt/d/yu28s/Music/music_centor/Compilations/金色ラブリッチェ GOLD BEST [Disc2]/12 闇の安らぎ.m4a	271
CoffeE	池木紗々	/mnt/d/yu28s/Music/music_centor/Compilations/Re_LieF ～DeaR YoU～ OriginaL SounD TracK/2-11 CoffeE.mp3	91
MemoirE	渡信天翁	/mnt/d/yu28s/Music/music_centor/Compilations/Re_LieF ～DeaR YoU～ OriginaL SounD TracK/2-10 MemoirE.mp3	112
PaniC	渡信天翁	/mnt/d/yu28s/Music/music_centor/Compilations/Re_LieF ～DeaR YoU～ OriginaL SounD TracK/2-02 PaniC.mp3	92
TrauM	渡信天翁	/mnt/d/yu28s/Music/music_centor/Compilations/Re_LieF ～DeaR YoU～ OriginaL SounD TracK/2-08 TrauM.mp3	158
TraumenD	甘利紗陽	/mnt/d/yu28s/Music/music_centor/Compilations/Re_LieF ～DeaR YoU～ OriginaL SounD TracK/2-16 TraumenD.mp3	148
breath of stella	相宮零	/mnt/d/yu28s/Music/music_centor/Aimiya Zero, rionos & VISUAL ARTS_Key/終のステラ Original Soundtrack/01 breath of stella.m4a	233
僕が君を護る理由	都乃	/mnt/d/yu28s/Music/music_centor/Compilations/ノラと皇女と野良猫ハート Original Sound Track _Open/3-03 僕が君を護る理由.mp3	215
FooL	金閉開羅巧夢	/mnt/d/yu28s/Music/music_centor/Compilations/Re_LieF ～DeaR YoU～ OriginaL SounD TracK/2-01 FooL.mp3	124
MhliA	金閉開羅巧夢	/mnt/d/yu28s/Music/music_centor/Compilations/Re_LieF ～DeaR YoU～ OriginaL SounD TracK/1-18 MhliA.mp3	78
MomototO	金閉開羅巧夢	/mnt/d/yu28s/Music/music_centor/Compilations/Re_LieF ～DeaR YoU～ OriginaL SounD TracK/1-16 MomototO.mp3	138
QuieT	金閉開羅巧夢	/mnt/d/yu28s/Music/music_centor/Compilations/Re_LieF ～DeaR YoU～ OriginaL SounD TracK/2-05 QuieT.mp3	150
ThemE of ReLieF	金閉開羅巧夢	/mnt/d/yu28s/Music/music_centor/Compilations/Re_LieF ～DeaR YoU～ OriginaL SounD TracK/1-02 ThemE of ReLieF.mp3	199
ThemE of ReLieF 第1楽章	金閉開羅巧夢	/mnt/d/yu28s/Music/music_centor/Compilations/Re_LieF ～DeaR YoU～ OriginaL SounD TracK/1-03 ThemE of ReLieF 第1楽章.mp3	194
ThemE of ReLieF 第1楽章 -GuitaR-	金閉開羅巧夢	/mnt/d/yu28s/Music/music_centor/Compilations/Re_LieF ～DeaR YoU～ OriginaL SounD TracK/1-04 ThemE of ReLieF 第1楽章 -GuitaR-.mp3	192
ThemE of ReLieF 第1楽章 -MinoR-	金閉開羅巧夢	/mnt/d/yu28s/Music/music_centor/Compilations/Re_LieF ～DeaR YoU～ OriginaL SounD TracK/1-05 ThemE of ReLieF 第1楽章 -MinoR-.mp3	198
ThemE of ReLieF 第2楽章	金閉開羅巧夢	/mnt/d/yu28s/Music/music_centor/Compilations/Re_LieF ～DeaR YoU～ OriginaL SounD TracK/1-06 ThemE of ReLieF 第2楽章.mp3	144
ThemE of ReLieF 第3楽章	金閉開羅巧夢	/mnt/d/yu28s/Music/music_centor/Compilations/Re_LieF ～DeaR YoU～ OriginaL SounD TracK/1-07 ThemE of ReLieF 第3楽章.mp3	208
Re:Start!	雪ノREN	/mnt/d/yu28s/Music/music_centor/Compilations/ノラと皇女と野良猫ハート Original Sound Track _Open/3-02 Re_Start!.mp3	224
ReminiscE	鶴田もこ	/mnt/d/yu28s/Music/music_centor/Compilations/Re_LieF ～DeaR YoU～ OriginaL SounD TracK/2-07 ReminiscE.mp3	150
WilL	鶴田もこ	/mnt/d/yu28s/Music/music_centor/Compilations/Re_LieF ～DeaR YoU～ OriginaL SounD TracK/2-06 WilL.mp3	142
